,Username
0,abdala123
1,Don_CM36
2,jihaan123
3,boston1972
4,cancersign64
5,TheAnthonator0119837
6,Albi71
7,FalseLobster
8,Bad_boy0000
9,paroven
10,Player5500
11,PatrikH
12,alirezaGm1020
13,orion5000
14,sujayXchess
15,VertigoV8
16,kurcho1
17,jmaiap
18,DistantDigit
19,BolshakovMikhailSem
20,ColoradoBlunder
21,Ekrem64
22,nikenfatma
23,SuedeStonn
24,RatchetLodross
25,Aleksei787
26,AdamBoulares
27,brino
28,AymaneBenSaid
29,B777W
30,JacksterThePro
31,Superbri212
32,Maege
33,Tumbalalayka
34,Shaktiva
35,YuraYak69
36,ViktoriaVlasova
37,DeDodgingEse
38,Addi24_Eagle
39,Csiga13
40,HannHagen
41,PhilMaate
42,oxp
43,xBrainMeltx
44,shenaniganschess
45,STAR69
46,Kruche_ciastko
47,Mr_PION
48,Benderis
49,Chiaraco
50,Yory21
51,kazamaza
52,TTHI
53,GitProphet
54,RichManToo
55,PsychoVGC
56,OzyWho
57,Pawn_Stars5545
58,Obese_reece
59,AGM_RobickVohnVilla
60,seciris
61,rusom
62,Bracken
63,TomasThrainsson
64,A7madness
65,tsp20121991
66,DruideBizeps
67,LebronTheGM
68,felipe_tk
69,Minchesscr
70,Archtitan
71,Bulgar1979gn
72,abidara
73,bolero123
74,MarllonTal
75,yousef-jahangiri
76,rahmat_tojeng
77,cuteblackcats
78,yonaltimur
79,jens009
80,chessg26
81,destran
82,Pepau
83,smartin100
84,dirtyrottenpig
85,RobbyEniM
86,NovoselovN
87,LungaMalinga11
88,Pianopro32
89,sokrat12345
90,sonototo1
91,Elena_N
92,G-Morozevisch
93,themillerhighlife
94,SemenGlotov2000
95,chess_plesiosaur
96,Dr_Benyamin
97,latee
98,Pressing
99,Quo07
100,RndSarita
101,ledorsky
102,Do-Not-Blunder
103,rojitto
104,Classic00
105,Kkrao25
106,AmirhHassanpour
107,biala
108,VariantsOnly
109,Lukasz_123
110,dedetuyy
111,SupraMisplays
112,dava_zhukov08
113,Black777King
114,klassik84
115,kasprsky2019
116,MukolaSimodeyko
117,bowork
118,SloppyPawn
119,aminsamani99
120,Kobracan
121,boltzy1796
122,Victor_Kruse06
123,Redrover5317
124,ficher2016
125,Marvin_113
126,GeoMag3000
127,jamesvtech
128,Mi_Jo_Ne
129,forshmakoff
130,JRoY
131,mohsen1362
132,ko7ora
133,Fooldan
134,Jogool
135,KarlMarxWasRight
136,In_vincible
137,CPT_Volkman
138,beugi19
139,ClassPlayer04
140,GiantKiller15
141,Tyrone699
142,TRK-1972
143,TheGrim123321
144,montecaseros
145,ferruchess
146,MorphyAgain
147,Dubov_GM
148,Thaddaeus
149,Apophis220
150,Beatsa
151,Kevin1970
152,MrKooshaJ
153,AndreyUs
154,sammartin2021
155,Chess_champs1
156,ralfi1
157,bayaman
158,klooth
159,AlistarJi
160,Federicopc
161,Rulfatra-KBPL
162,DefeatChampion88
163,Sazed
164,TraderRebate
165,Jsauce
166,Jegern1
167,derFonsHilneier
168,JakeStateFarm
169,Capa_Negra
170,k-night-moves
171,khansab
172,baruy
173,filyadelfiya
174,melonhead13
175,prathyusha201
176,Justputyourname
177,Ninuhid
178,vogel_v22
179,ItsMeMaho
180,mwafakalhaswa
181,YGTRN13
182,drosera2507
183,pazh10
184,Iferlan
185,dynamo2411
186,liandroferrer
187,Axel_E
188,casicasicasi
189,MathiasEspindola
190,Anton1000
191,melitzanakis4
192,tweatsfood
193,Mr-Dark
194,nicolaschess1
195,Terence-Hell
196,jsilverman
197,Duelistus
198,Junior2929
199,romanius89
200,Ikaaruus
201,Kutsuki
202,Chess_Poems
203,Suslik13
204,Adeherman
205,Radiokida
206,amayak
207,DoodleBanger
208,Dionysius81
209,xNinjo
210,Sitasi
211,brubie
212,likoko_chess
213,aahp
214,Kingsshield
215,Besch
216,Thunder2021
217,The-Rabid-Wolf
218,Valeri5
219,sobnfakeer
220,prs_2016
221,Kackilacki
222,rook54
223,Selenus
224,Linus_S
225,Tipsntaps
226,sneaky_ron82
227,RIDAMOhaammed
228,capanegra46
229,Homero67
230,musaab
231,OhneDichLohnenNicht
232,Max-Esko
233,Andromeda3
234,DavidMoscoe
235,MynameisBorat
236,Zunik
237,lolipoplol
238,Adamsonn
239,donjar
240,dsypal15
241,Chessfunblast
242,arun696969
243,chess960lab
244,Samsonhaira
245,Legendaryjonay
246,piffle
247,Force_Kin
248,shivprasad123s
249,high_training_05
250,saocungduoc
251,luisbasurto
252,mattska
253,carlpyf
254,haldunaksell
255,Entwist
256,BigJob28
257,MitinVad1m
258,JM-FIRMALINO
259,Gabmore
260,Dareoth
261,JaGrie
262,barryb0nds
263,Colin7777777
264,jpfire
265,Aruama
266,Alekhine571
267,mantri_sunat
268,Kungfuboy
269,TaranenkoEvhen
270,ColorCapital
271,Emkatt
272,sm3an
273,Wolfer7098
274,Vedatr
275,MikeAsbestos
276,xtc15
277,kevingambit
278,BabaBisleri
279,mar99arg
280,MrKilo99
281,soldi_de_maria
282,cakebagel
283,totolucky
284,dumbchessplays
285,Conducteur
286,KaushikVyas
287,Bllakkay
288,Usman95
289,akarmy
290,darchayate
291,Gektor1617
292,Rickyzim
293,Engine_God
294,ruyalarcon
295,EgoSturgis
296,cosmoprince
297,Tamali
298,LucidChess
299,mendover
300,IMabdo1
301,IlikeMinecraft
302,Chesswoman32
303,franmmm
304,Alex--omsk
305,turtule
306,Lexeika
307,Bobby420
308,RicardoAguirre10
309,barsuk80
310,hasankhan1383
311,kiflay
312,darkielomar
313,IAmMateCheckMate
314,Yudi-aja
315,perfect_Harmony
316,dmreyad
317,kuba_2
318,c-123456789_Sahej123
319,AleksandarKal
320,Anna_Nass
321,BraveHorsey
322,CallFinisher
323,FatCrocodile3
324,chesspibito
325,Sfide_Mentali
326,Genrall
327,rkerth
328,Smeli
329,feudalsurf
330,LukeHersov
331,lightning1998
332,VeniVidiVici-Anselm
333,Crucem
334,K-Rad
335,Poliforum
336,KSV_79
337,jmpaslespseudos
338,brunoalexandre
339,acheng3
340,VladShev99
341,Wazo77
342,Vandenis2
343,ivan_ermolaev
344,CarpeDiem12358
345,komlevalexey2008
346,ATShame
347,TeresaQ
348,zazafazaza19901990
349,xavier889
350,KasparovArtiom1948
351,MrBOOOM22
352,KingFlynn
353,BughouseKnight
354,DubiousMistakes
355,Arsimi89
356,Sandmann39
357,horsetknightmare
358,Cesarrrrr
359,Signoretomato
360,WhateverPD
361,Razor309
362,Quentinovich
363,Fildibobber
364,Grishark
365,Iamgosu
366,Ambitious
367,johndavis_59
368,nikola_stojsin
369,Helmut2
370,cswerve420
371,Wupperpool
372,fingertipfeelings
373,ItalianMachine
374,mokerslag
375,brosefStalin1
376,MassterofMayhem
377,Belisario53
378,liapop
379,Smartkid2011
380,andrebori
381,raywu
382,Mbrown721
383,fktdark
384,fatima6723
385,donkey_cart
386,ATCWannabeme
387,busterdx
388,TheBrontologist
389,Kahangenc003
390,LiverBrom
391,onlinechesssucks
392,sp1987
393,Vivek_verma
394,IamAgadFann
395,DangerCats
396,kapurs
397,mtv27
398,Unknown4u
399,Novikov2011
400,alshan7
401,adfost8
402,Fasmc17
403,Aarjun
404,FearTheBeard
405,StillCelebrate
406,Lord-Universe31
407,Queda
408,AASP1124
409,rattascalpel
410,pal_hatlem
411,AnatAralkov
412,damir72
413,shiitaco
414,janmskak64
415,Goldlichking
416,solskjaer
417,DJOKOMULYO81
418,einLOKKEN
419,vladilevi
420,ZachHoltgrewe
421,Serduk1509
422,etgetg1234
423,Beerus_Sama_420
424,De_la_Paz
425,SuperSounds
426,Naoufel
427,rediban
428,ZenYoshida
429,Inamaneva
430,Belgas
431,HangingPawnsFan
432,Samuel268
433,heroe270663
434,wannabe2700
435,francis07797
436,Loganrithm
437,Diazonium1
438,NikeStale
439,Slyomatz
440,DrDimMak
441,Regan73
442,krinido
443,Alecsis2013
444,HiroTana
445,jpdoc89
446,vikbom
447,Vuma
448,TheCrucial01
449,Squaretaker
450,badatthegame
451,ehbobbeh
452,Kazan_master
453,Melody57
454,LeelaChess
455,calamitychess
456,Johan201023
457,ASzilagyi
458,Pajde
459,chess_1865
460,allach121
461,ks19661966
462,DragonEndgame
463,hicetnunc
464,kisikit
465,Mr-Indonesian
466,Berenzen
467,AlexanderW
468,Reizha99
469,isildor
470,PchelkinVK
471,jordbear
472,Jscole424
473,Fe_m1342
474,DANONINO777
475,WGS1
476,Nebula64
477,CHESNOKCHESS
478,D-Stahlberg
479,lefonghua
480,Allbrown
481,Birjoo7
482,BurningSoul
483,Axp156
484,josedavidmorales
485,dinemont
486,samthesniper
487,Schemato
488,A380-800F3
489,Kappablanket
490,ruseiro
491,Fazafaza
492,yuutin
493,RayL
494,y1so
495,Khagoev
496,El_Maestro-32
497,Abject_Pawn
498,Itlos
499,Ameya123213
500,agentcero
501,hefny
502,NinjaOfRandomness
503,chm1948
504,MoneyDoctor
505,Ivanchik79
506,TogiroIkonoka
507,AndersChristmann
508,Triton63
509,Mykingislonely
510,cucaramianes
511,NACHO1960
512,afzan1973
513,kong3
514,ChessMasterClass
515,Jamesking10
516,daniil-kaminskii
517,Ukrainian_Lucky
518,fatguy03
519,SupermarketFlowers
520,MR9rana
521,lvn2k
522,klausg
523,Granit87
524,Azizbek94
525,d_price0407
526,NikitaWinner
527,vranac
528,bitboy01
529,FighterFrancis75
530,WestskhaN
531,Tulko
532,Skacoon
533,SP-115593
534,marc_bret
535,akshay_joglekar
536,Verral
537,WinsOccasionally
538,IamArcher
539,manny_agre
540,yotin
541,Evgen8423
542,Elbdryoraby69
543,robbies1234
544,jochenderknochen
545,kinez24
546,Amazoniagaston
547,hakiless
548,nkirov
549,Algorhythm027
550,LUBEIK
551,yanivk740
552,DrVice98
553,JSK89
554,PeterPanter
555,IcedAmericano
556,fetrayvon
557,manaspaldhe12
558,MOADSARO
559,Luisy2005
560,TheSelim
561,staunton0302
562,KARPOFFFF
563,PianoPuppy
564,ScaryChicken
565,AbdKhalidM
566,Camisco
567,Maxpro2010
568,MGIDB
569,zolpi
570,justthecheck
571,ArditKrasniqi
572,mikhailbalakirev
573,Benevince
574,Azamat01
575,stephenwilly
576,shivambansal42
577,lesly_so
578,timandre
579,RonjaS
580,Prometeo26
581,Treblinka
582,evinism
583,laeca53
584,abo_alia
585,centpourcent
586,abekabek
587,TylerArrow
588,Trampline29
589,Fuchsl
590,GMZAHED
591,Stephen77
592,yf95
593,ShoMagnus
594,Anishsingha
595,MiguelColacrai
596,quan319
597,apestrek
598,BONACA
599,HectorBeltran
600,takovalev
601,hm-tun
602,thorthugnasty
603,Aneesh2289
604,dr_vvprocrast29
605,Serenos
606,jiimipaige
607,CamposJE
608,Danolal
609,EricRosen
610,CrystalEdge
611,markkksd
612,atreyopal
613,TexasTimechessmonkey
614,DonSina
615,NYLEDORCIV
616,kaimann08
617,strompur
618,asik13
619,TheGMslayer
620,subham777
621,TabascoSauce
622,vasyam
623,SholaAmeobi
624,p_j_c
625,PAZRaje
626,SRIKRIT
627,ternoz
628,WhiteKingVit
629,nebs
630,Widney
631,Pum_Bee
632,neerajksw
633,differencedge
634,slomkam
635,Shilner
636,rileythanube
637,rahmatov_ri
638,ForTheFunOfTheGame
639,Xhulio1998
640,Sosnovsky
641,grandmastergauri
642,GrimZFreak
643,suryagorantla
644,Zambrotta08
645,amoscunha
646,sergey1806
647,SoBadSoSad
648,JDDBLACK
649,DrVladimir64
650,rjml
651,DalekCans
652,zackbb
653,sonejiashok
654,Benw03
655,Pikachu88888
656,ruufseir
657,ayek
658,hagr135
659,DrawDenied_Twitch
660,Mohamedtawheed
661,pawnpusher76
662,i_am_abdullah
663,miu84
664,Cocowawa
665,Reschef
666,Latinceadam34
667,Javierkhine
668,DiamondCut
669,IComeFromTetris
670,Klimenko_Sergey_IM
671,moeilijk
672,UselessP1ayer
673,ezatfoda
674,samer16
675,RichtersNeighbour
676,CoachJohn
677,nawack
678,AgsiKapin12
679,beyazfil
680,cheburashka12345
681,amid-008
682,Jeroen_Winkel
683,cerealitoyulio
684,Egypt-Champion
685,TheBoneless
686,Jabenn
687,yura1204
688,sem_sem
689,RudovV
690,Amrmaroof
691,travelgirl
692,Huckleberry90
693,hryak
694,Noves
695,BOMBARDERO33
696,YggdrasiI
697,Vodotragac
698,ghenghiskhan
699,Sultai
700,tlahud
701,Oossam
702,sp1cycaterpillar
703,PiracyAgreement
704,kudbany1
705,Osso_Duro_DF
706,Mr-Najdorf
707,Roeczak
708,Manyyy8686
709,thepenguinmonkey
710,e_dsilva
711,jayjaycalub
712,madal
713,kadourmahnoud
714,VladimirKarpov
715,rushabhsons
716,stokwa06
717,GOL18IZZ
718,dodikelias99
719,Citruzzini
720,chacosiempre
721,AzatTokar
722,Ezrazeev
723,OmarSadaBorge
724,evgiz0r
725,WitNik
726,tobe1st
727,ArcticValencien
728,RishiSonali
729,Bruno_Zapata
730,Raf_T
731,somperson
732,YT100
733,DimonZh
734,bauernopfer1
735,Goodseed
736,h-bar
737,JumpingPiglet
738,KUZYRII
739,joro321e
740,O-O-VIPER-O-O
741,bmaas
742,thirant
743,venanciojr
744,albepuch
745,Dylan5029
746,UtopianMarxist
747,BigYarol
748,Conguy
749,plzerocool
750,dt248
751,juhaini45
752,nanoks81
753,kot_13
754,TarraschsFacepalm
755,mas121121
756,PEUJ
757,Feonix77
758,swagmasterb
759,RoadToFM12
760,nathanf314
761,julio32
762,sol_dre
763,Lasonialadiablo
764,Art-Vega
765,letopet
766,mandov
767,ReytalhRiga13
768,RobShand
769,KingMatt2401
770,JoachimDa
771,hitsuji
772,Soltan1800
773,fakeEricRosen
774,francois-614
775,toneodl
776,rocoide
777,SilverbackHQ
778,Alsidral_Iribani
779,professor21071998
780,ZezetRajaSawer
781,Korons20
782,VetDeJo
783,SimonRosenau
784,BCA_Keirt13M
785,brough
786,vinewood
787,SpiritualPunk
788,PyotrKropotkin
789,siasd
790,ThatWasntBad
791,bellocino
